X_Value		Untitled	X_Value	Untitled	X_Value	SP
0	0	45.891947	0	47.031115	0	0
19.222922	13.222922	45.585778	13.139314	46.96028	13.139314	0
19.764977	13.764977	45.578327	13.746374	46.926339	13.746374	0
20.178018	14.178018	45.552277	14.30543	47.059814	14.30543	0
20.681068	14.681068	45.560955	15.052505	46.929052	15.052505	0
56.569656	24.569656	45.738087	15.592559	46.884356	15.592559	0
57.040704	25.040704	45.907166	16.20762	46.89518	16.20762	0
57.464746	25.464746	46.170825	16.916691	47.001107	16.916691	0
58.033803	26.033803	46.22385	17.468746	46.958921	17.468746	0
58.578857	26.578857	46.628174	18.179818	47.00247	18.179818	0
58.995899	26.995899	46.939907	18.80788	47.036578	18.80788	0
59.488948	27.488948	47.001107	19.379938	47.183412	19.379938	0
60.112011	28.112011	47.252504	20.151015	47.479894	20.151015	0
60.546054	28.546054	47.51929	20.722072	47.86541	20.722072	0
60.964096	28.964096	47.712063	21.390139	48.031901	21.390139	0
61.596159	29.596159	47.782102	22.058206	48.444741	22.058206	0
62.090209	30.090209	48.176645	22.60126	48.655245	22.60126	0
62.50325	30.50325	48.291624	23.336333	49.013382	23.336333	55
63.055305	31.055305	48.330136	23.915391	49.322767	23.915391	55
63.620362	31.620362	48.711344	24.484448	49.40501	24.484448	55
64.039404	32.039404	48.893114	25.216521	49.783584	25.216521	55
64.515451	32.515451	48.984003	25.751575	50.017319	25.751575	55
65.144514	33.144514	49.095618	26.385638	50.113079	26.385638	55
65.580558	33.580558	49.435164	27.062706	50.474681	27.062706	55
66.0026	34.0026	49.462192	27.594759	50.778727	27.594759	55
66.61166	34.61166	49.60764	28.284828	50.77011	28.284828	55
67.126712	35.126712	49.845371	28.90389	51.042836	28.90389	55
67.546754	35.546754	50.017319	29.441944	51.127114	29.441944	55
68.076807	36.076807	49.976215	30.194019	51.222437	30.194019	55
68.667866	36.667866	50.206068	30.750074	51.486505	30.750074	55
69.094909	37.094909	50.365029	31.347134	51.678214	31.347134	55
69.554955	37.554955	50.251091	32.062205	51.743821	32.062205	55
70.184018	38.184018	50.585064	32.60126	52.090626	32.60126	55
70.646064	38.646064	50.694472	33.254325	51.894215	33.254325	55
71.071106	39.071106	50.768387	33.913391	52.178445	33.913391	55
71.663166	39.663166	50.694472	34.454445	52.372497	34.454445	55
72.195219	40.195219	50.901573	35.172517	52.257307	35.172517	55
72.618261	40.618261	51.153538	35.768576	52.610995	35.768576	55
73.131312	41.131312	51.07439	36.328632	52.603312	36.328632	55
73.742374	41.742374	51.16412	37.090709	52.765393	37.090709	55
74.166416	42.166416	51.316526	37.636763	52.899684	37.636763	55
74.60046	42.60046	51.345034	38.271827	52.835327	38.271827	55
75.230523	43.230523	51.362876	38.947895	53.005516	38.947895	55
75.717571	43.717571	51.54415	39.484948	53.137735	39.484948	55
76.144614	44.144614	51.618297	40.182017	53.078407	40.182017	55
76.751675	44.751675	51.4937	40.827082	53.260993	40.827082	55
77.288729	45.288729	51.75478	41.400139	53.2291	41.400139	55
77.70677	45.70677	51.883166	42.160215	53.336973	42.160215	55
78.244824	46.244824	51.793193	42.70527	53.475794	42.70527	55
78.840884	46.840884	51.923717	43.340333	53.413288	43.340333	55
79.282928	47.282928	52.150368	44.023402	53.705557	44.023402	55
79.781978	47.781978	51.964366	44.580458	53.658545	44.580458	55
80.41104	48.41104	52.099947	45.326532	53.522315	45.326532	55
80.873087	48.873087	52.09249	45.957595	53.963292	45.957595	55
81.30713	49.30713	52.146628	46.590658	53.756801	46.590658	55
81.941193	49.941193	52.225343	47.350734	53.824674	47.350734	55
82.438243	50.438243	52.399044	48.059805	53.969524	48.059805	55
82.860285	50.860285	52.368708	48.866886	53.992396	48.866886	55
83.435343	51.435343	52.372497	49.454945	54.113486	49.454945	55
83.992399	51.992399	52.515197	50.127012	53.952909	50.127012	55
84.414441	52.414441	52.408535	50.860085	54.235417	50.860085	55
84.946494	52.946494	52.418032	51.465146	54.009048	51.465146	55
85.558555	53.558555	52.568778	52.270226	54.163838	52.270226	55
85.984598	53.984598	52.599471	52.90929	54.39222	52.90929	55
86.449645	54.449645	52.649465	53.577357	54.084181	53.577357	55
87.089708	55.089708	52.469403	54.258425	54.343334	54.258425	55
87.534753	55.534753	52.655243	54.841484	54.303052	54.841484	55
87.962796	55.962796	52.62445	55.658565	54.205908	55.658565	55
88.559855	56.559855	52.547708	56.229622	54.383708	56.229622	55
89.099909	57.099909	52.657169	56.890688	54.381581	56.890688	55
89.530952	57.530952	52.78285	57.601759	54.458324	57.601759	55
90.074007	58.074007	52.664877	58.216821	54.417779	58.216821	55
90.672067	58.672067	52.742145	59.046904	54.271316	59.046904	55
91.10711	59.10711	52.956439	59.689968	54.381581	59.689968	55
91.593159	59.593159	52.874303	60.373037	54.292467	60.373037	55
92.230222	60.230222	52.77121	61.132113	54.501103	61.132113	55
92.674267	60.674267	53.042908	61.826182	54.462597	61.826182	55
93.10331	61.10331	53.005516	62.601259	54.643015	62.601259	55
93.742373	61.742373	52.736338	63.170316	54.675426	63.170316	55
94.242424	62.242424	53.013382	63.889388	54.430573	63.889388	55
94.675467	62.675467	53.042908	64.571456	54.653812	64.571456	55
95.258525	63.258525	52.897731	65.268526	54.561169	65.268526	55
95.821581	63.821581	53.070512	66.015601	54.658133	66.015601	55
96.251625	64.251625	53.137735	66.599659	54.823107	66.599659	55
96.780677	64.780677	53.001585	67.367736	54.539694	67.367736	55
97.381737	65.381737	53.058677	68.048804	54.677589	68.048804	55
97.81178	65.81178	53.110023	68.690868	54.58052	68.690868	55
98.249824	66.249824	53.15359	69.455945	54.556872	69.455945	55
98.886888	66.886888	52.905547	70.028002	54.770844	70.028002	55
99.369936	67.369936	53.123873	70.767076	54.608507	70.767076	55
99.811981	67.811981	53.20323	71.419141	54.961034	71.419141	55
100.41504	68.41504	52.983905	72.062205	54.829651	72.062205	55
100.952095	68.952095	53.217155	72.819281	54.690572	72.819281	55
101.392138	69.392138	53.286948	73.416341	54.871151	73.416341	55
101.940193	69.940193	53.044879	74.146413	54.720903	74.146413	55
102.522251	70.522251	53.106068	74.793478	54.934679	74.793478	55
102.957295	70.957295	53.149625	75.40854	54.697067	75.40854	55
103.447344	71.447344	53.173429	76.187618	54.762149	76.187618	55
104.085408	72.085408	53.131793	76.777677	54.998436	76.777677	55
104.537453	72.537453	53.377097	77.527752	54.759975	77.527752	55
104.968496	72.968496	53.223127	78.169816	55.097822	78.169816	55
105.614561	73.614561	53.094208	78.815881	54.840563	78.815881	55
106.101609	74.101609	53.306941	79.559955	54.807848	79.559955	55
106.536653	74.536653	53.292944	80.170016	54.950048	80.170016	55
107.127712	75.127712	53.183357	80.989098	54.934679	80.989098	55
107.675767	75.675767	53.181371	81.638163	54.840563	81.638163	55
108.11181	76.11181	53.409263	82.350234	54.917131	82.350234	55
108.640863	76.640863	53.074459	83.065306	54.8799	83.065306	55
109.243924	77.243924	53.270971	83.655365	54.820927	83.655365	55
109.680967	77.680967	53.270971	84.406439	54.812206	84.406439	55
110.159015	78.159015	53.235075	85.047504	54.919324	85.047504	55
110.80908	78.80908	53.179385	85.71357	54.593431	85.71357	55
111.263125	79.263125	53.441489	86.457645	54.853665	86.457645	55
111.70817	79.70817	53.379106	87.063705	54.906173	87.063705	55
112.335233	80.335233	53.139716	87.826782	54.770844	87.826782	55
112.845284	80.845284	53.346996	88.451844	55.086752	88.451844	55
113.277327	81.277327	53.280955	89.096909	54.703565	89.096909	55
113.844384	81.844384	53.149625	89.840983	54.820927	89.840983	55
114.41044	82.41044	53.405239	90.441043	54.906173	90.441043	55
114.846484	82.846484	53.379106	91.21412	54.751285	91.21412	55
115.356535	83.356535	53.219146	91.822181	55.058001	91.822181	55
115.978597	83.978597	53.193291	92.498249	54.770844	92.498249	55
116.41664	84.41664	53.427383	93.235322	54.844929	93.235322	55
116.869686	84.869686	53.322952	93.805379	54.932485	93.805379	55
117.525752	85.525752	53.249026	94.538453	54.897411	94.538453	55
118.000799	86.000799	53.387143	95.21152	55.164389	95.21152	55
118.470846	86.470846	53.457624	95.853584	54.925903	95.853584	55
119.10891	87.10891	53.161523	96.596658	55.044747	96.596658	55
119.621961	87.621961	53.387143	97.173717	55.069054	97.173717	55
120.065005	88.065005	53.35903	97.898789	54.853665	97.898789	55
120.666066	88.666066	53.155573	98.547853	55.193312	98.547853	55
121.246124	89.246124	53.391162	99.158915	54.939069	99.158915	55
121.787178	89.787178	53.429397	99.931992	55.042539	99.931992	55
122.447244	90.447244	53.411275	100.527051	55.131074	100.527051	55
123.026302	91.026302	53.487918	101.275126	54.985226	101.275126	55
123.496348	91.496348	53.621841	101.925191	55.186633	101.925191	55
124.11041	92.11041	53.477814	102.527252	55.058001	102.527252	55
124.642463	92.642463	53.55678	103.292328	55.153277	103.292328	55
125.080507	93.080507	53.623878	103.861385	55.197765	103.861385	55
125.635562	93.635562	53.463678	104.562455	55.084539	104.562455	55
126.226622	94.226622	53.593347	105.235522	55.231204	105.235522	55
126.673666	94.673666	53.514215	105.826581	55.133293	105.826581	55
127.197719	95.197719	53.423354	106.604659	55.177732	106.604659	55
127.823781	95.823781	53.481855	107.175716	55.365589	107.175716	55
128.266826	96.266826	53.666712	107.887787	55.137732	107.887787	55
128.729872	96.729872	53.46166	108.573856	55.430906	108.573856	55
129.381938	97.381938	53.496005	109.158915	55.157721	109.158915	55
129.863986	97.863986	53.568961	109.955994	55.073476	109.955994	55
130.30303	98.30303	53.587247	110.575057	55.307232	110.575057	55
130.944093	98.944093	53.469735	111.279127	55.080113	111.279127	55
131.469146	99.469146	53.599449	111.980197	55.361094	111.980197	55
131.942194	99.942194	53.730135	112.61326	55.430906	112.61326	55
132.572256	100.572256	53.536498	113.394338	55.347613	113.394338	55
133.11031	101.11031	53.629991	113.986398	55.415118	113.986398	55
133.557354	101.557354	53.732185	114.698469	55.066843	114.698469	55
134.131412	102.131412	53.493983	115.405539	55.300511	115.405539	55
134.70947	102.70947	53.575054	116.025601	55.177732	116.025601	55
135.153514	103.153514	53.723988	116.821681	55.111116	116.821681	55
135.700569	103.700569	53.621841	117.403739	55.313956	117.403739	55
136.362635	104.362635	53.617768	118.133812	55.162166	118.133812	55
136.865685	104.865685	53.773231	118.789877	55.381334	118.789877	55
137.425741	105.425741	53.632029	119.389937	55.164389	119.389937	55
138.019801	106.019801	53.681013	120.178016	55.186633	120.178016	55
138.469846	106.469846	53.773231	120.798079	55.293792	120.798079	55
138.996899	106.996899	53.627953	121.522151	55.035917	121.522151	55
139.652964	107.652964	53.67284	122.204219	55.291553	122.204219	55
140.136013	108.136013	53.806137	122.821281	55.128856	122.821281	55
140.654064	108.654064	53.726037	123.625361	55.155499	123.625361	55
141.326131	109.326131	53.775286	124.21042	55.208905	124.21042	55
141.775177	109.775177	53.855613	124.939493	55.222281	124.939493	55
142.261225	110.261225	53.824674	125.604559	55.406102	125.604559	55
142.930292	110.930292	53.695326	126.240623	55.111116	126.240623	55
143.401339	111.401339	53.874202	127.0137	55.349859	127.0137	55
143.844383	111.844383	53.890743	127.61576	55.307232	127.61576	55
144.497448	112.497448	53.742438	128.360835	55.153277	128.360835	55
145.000499	113.000499	53.925943	129.005899	55.437676	129.005899	55
145.442543	113.442543	53.828796	129.627962	55.113332	129.627962	55
146.058605	114.058605	53.769122	130.406039	55.20222	130.406039	55
146.599659	114.599659	53.940458	131.024101	55.2379	131.024101	55
147.049704	115.049704	54.042401	131.784177	55.2379	131.784177	55
147.630762	115.630762	53.880403	132.443243	55.451225	132.443243	55
148.21982	116.21982	53.868003	133.098309	55.186633	133.098309	55
148.678866	116.678866	53.896949	133.854384	55.249064	133.854384	55
149.250924	117.250924	53.752696	134.471446	55.435419	134.471446	55
149.887988	117.887988	53.946683	135.228521	55.408356	135.228521	55
150.348033	118.348033	54.098828	135.891588	55.446707	135.891588	55
150.901089	118.901089	53.810255	136.566655	55.388085	136.566655	55
151.524151	119.524151	53.861807	137.305729	55.532732	137.305729	55
151.972196	119.972196	54.109297	137.940793	55.403849	137.940793	55
152.480247	120.480247	53.839105	138.746873	55.349859	138.746873	55
153.144313	121.144313	53.878336	139.384937	55.406102	139.384937	55
153.601359	121.601359	54.050749	140.158014	55.246831	140.158014	55
154.090408	122.090408	53.957062	140.888087	55.489668	140.888087	55
154.747473	122.747473	53.979917	141.542153	55.419627	141.542153	55
155.221521	123.221521	54.092549	142.331232	55.523657	142.331232	55
155.676566	123.676566	54.031971	142.930292	55.401597	142.930292	55
156.338633	124.338633	53.930089	143.678366	55.367838	143.678366	55
156.849684	124.849684	54.046574	144.327431	55.530463	144.327431	55
157.301729	125.301729	54.036142	144.952494	55.408356	144.952494	55
157.924791	125.924791	53.932163	145.71957	55.442191	145.71957	55
158.466846	126.466846	54.08209	146.31863	55.61689	146.31863	55
158.91289	126.91289	54.075817	147.076706	55.249064	147.076706	55
159.504949	127.504949	53.952909	147.723771	55.662546	147.723771	55
160.107009	128.107009	54.054925	148.382837	55.345367	148.382837	55
160.574056	128.574056	54.100921	149.140913	55.370086	149.140913	55
161.162115	129.162115	53.950833	149.737972	55.50099	149.737972	55
161.768175	129.768175	54.189068	150.507049	55.302751	150.507049	55
162.21522	130.21522	54.094642	151.124111	55.455743	151.124111	55
162.757274	130.757274	54.063279	151.786177	55.403849	151.786177	55
163.385337	131.385337	54.212227	152.531251	55.428649	152.531251	55
163.835382	131.835382	54.345457	153.132311	55.458003	153.132311	55
164.338432	132.338432	54.096734	153.91539	55.325168	153.91539	55
164.998498	132.998498	54.241747	154.567455	55.51232	154.567455	55
165.449543	133.449543	54.245968	155.263525	55.275887	155.263525	55
165.91559	133.91559	54.142841	156.003599	55.41061	156.003599	55
166.578657	134.578657	54.069547	156.61666	55.446707	156.61666	55
167.079707	135.079707	54.252302	157.432742	55.271414	157.432742	55
167.548753	135.548753	54.212227	158.062805	55.480615	158.062805	55
168.21282	136.21282	54.059101	158.764875	55.264706	158.764875	55
168.72087	136.72087	54.300935	159.496948	55.406102	159.496948	55
169.180916	137.180916	54.281888	160.106009	55.426393	160.106009	55
169.828981	137.828981	54.065368	160.952094	55.388085	160.952094	55
170.358034	138.358034	54.264976	161.583157	55.489668	161.583157	55
170.81308	138.81308	54.366697	162.348233	55.253532	162.348233	55
171.445143	139.445143	54.30517	163.038302	55.498725	163.038302	55
172.003199	140.003199	54.307288	163.686367	55.496461	163.686367	55
172.464245	140.464245	54.381581	164.471446	55.367838	164.471446	55
173.071306	141.071306	54.208014	165.102509	55.47609	165.102509	55
173.651364	141.651364	54.243857	165.91859	55.401597	165.91859	55
174.110409	142.110409	54.324242	166.565655	55.532732	166.565655	55
174.70647	142.70647	54.279773	167.259724	55.401597	167.259724	55
175.296528	143.296528	54.328483	167.992797	55.696864	167.992797	55
175.753574	143.753574	54.390092	168.609859	55.510054	168.609859	55
176.325631	144.325631	54.296701	169.457944	55.455743	169.457944	55
176.933692	144.933692	54.483979	170.111009	55.603216	170.111009	55
177.391738	145.391738	54.39222	170.901088	55.487404	170.901088	55
177.936792	145.936792	54.315763	171.625161	55.66026	171.625161	55
178.565855	146.565855	54.34758	172.350233	55.498725	172.350233	55
179.021901	147.021901	54.511815	173.12131	55.770295	173.12131	55
179.550953	147.550953	54.39222	173.771375	55.758801	173.771375	55
180.198018	148.198018	54.343334	174.581456	55.667118	174.581456	55
180.651064	148.651064	54.48184	175.237522	55.848644	175.237522	55
181.162115	149.162115	54.456188	176.0166	55.460263	176.0166	55
181.832182	149.832182	54.377327	176.701668	55.710609	176.701668	55
182.295228	150.295228	54.623596	177.410739	55.530463	177.410739	55
182.789277	150.789277	54.364572	178.178816	55.804819	178.178816	55
183.456344	151.456344	54.516101	178.793878	55.632856	178.793878	55
183.940392	151.940392	54.533256	179.644962	55.596383	179.644962	55
184.425441	152.425441	54.381581	180.262024	55.878692	180.262024	55
185.106509	153.106509	54.375201	181.008099	55.505521	181.008099	55
185.603559	153.603559	54.531111	181.761174	55.964486	181.761174	55
186.063604	154.063604	54.638698	182.502248	55.657975	182.502248	55
186.736672	154.736672	54.351826	183.257324	55.765697	183.257324	55
187.248724	155.248724	54.589126	183.867385	55.853264	183.867385	55
187.705769	155.705769	54.54184	184.693467	55.706026	184.693467	55
188.367835	156.367835	54.456188	185.329531	55.980764	185.329531	55
188.907889	156.907889	54.681916	186.094607	55.635138	186.094607	55
189.385937	157.385937	54.578368	186.773675	55.827872	186.773675	55
190.044003	158.044003	54.370949	187.460744	55.623731	187.460744	55
190.590057	158.590057	54.775194	188.232821	55.731247	188.232821	55
191.060104	159.060104	54.636539	188.849883	55.719779	188.849883	55
191.72017	159.72017	54.454052	189.698968	55.802515	189.698968	55
192.264225	160.264225	54.675426	190.331031	55.855574	190.331031	55
192.726271	160.726271	54.751285	191.066105	55.738132	191.066105	55
193.366335	161.366335	54.469009	191.789177	56.04602	191.789177	55
193.932392	161.932392	54.584822	192.442242	55.786398	192.442242	55
194.41244	162.41244	54.794779	193.242322	55.887947	193.242322	55
195.061504	163.061504	54.668939	193.871385	56.057698	193.871385	55
195.629561	163.629561	54.875525	194.674466	55.772594	194.674466	55
196.11561	164.11561	54.68408	195.341532	55.920379	195.341532	55
196.778676	164.778676	54.658133	196.049603	55.754206	196.049603	55
197.31673	165.31673	54.671101	196.809679	55.894892	196.809679	55
197.797778	165.797778	54.681916	197.475746	55.920379	197.475746	55
198.462844	166.462844	54.563318	198.32683	55.887947	198.32683	55
199.034902	167.034902	54.718734	198.981896	55.874066	198.981896	55
199.543952	167.543952	54.649492	199.830981	55.809427	199.830981	55
200.223021	168.223021	54.556872	200.52005	55.890262	200.52005	55
200.762074	168.762074	54.686243	201.369135	55.797909	201.369135	55
201.253124	169.253124	54.701399	202.140212	55.922698	202.140212	55
201.91419	169.91419	54.533256	202.866284	55.733542	202.866284	55
202.451243	170.451243	54.699233	203.593357	55.857885	203.593357	55
202.931291	170.931291	54.614972	204.267425	55.797909	204.267425	55
203.600358	171.600358	54.48184	205.075506	55.772594	205.075506	55
204.133412	172.133412	54.72524	205.702568	56.062371	205.702568	55
204.61646	172.61646	54.731748	206.503648	55.667118	206.503648	55
205.287527	173.287527	54.513958	207.206718	56.0998	207.206718	55
205.82258	173.82258	54.78172	207.948793	55.761099	207.948793	55
206.305628	174.305628	54.727409	208.728871	55.987744	208.728871	55
206.974696	174.974696	54.501103	209.407938	55.818647	209.407938	55
207.506749	175.506749	54.673264	210.240022	56.118543	210.240022	55
207.986797	175.986797	54.563318	210.870085	56.008702	210.870085	55
208.656864	176.656864	54.49468	211.703168	55.908789	211.703168	55
209.188917	177.188917	54.627909	212.402238	56.229055	212.402238	55
209.654963	177.654963	54.634381	213.188317	55.962162	213.188317	55
210.31603	178.31603	54.471147	213.886386	56.127922	213.886386	55
210.861084	178.861084	54.753457	214.558454	55.927336	214.558454	55
211.32513	179.32513	54.668939	215.343532	56.011032	215.343532	55
211.983197	179.983197	54.623596	215.971595	56.081076	215.971595	55
212.530251	180.530251	54.731748	216.789677	56.097458	216.789677	55
212.996298	180.996298	54.671101	217.42374	56.170188	217.42374	55
213.659364	181.659364	54.582671	218.164814	55.964486	218.164814	55
214.188417	182.188417	54.712231	218.875885	56.167838	218.875885	55
214.663465	182.663465	54.647333	219.539951	55.959838	219.539951	55
215.314529	183.314529	54.563318	220.337031	56.132614	220.337031	55
215.875586	183.875586	54.836197	221.018099	56.090435	221.018099	55
216.359634	184.359634	54.591279	221.847182	55.920379	221.847182	55
217.007699	185.007699	54.477562	222.489246	56.167838	222.489246	55
217.567755	185.567755	54.643015	223.213319	55.938937	223.213319	55
218.038802	186.038802	54.836197	223.91939	56.191359	223.91939	55
218.690867	186.690867	54.576218	224.546453	56.062371	224.546453	55
219.257924	187.257924	54.954441	225.346532	55.945902	225.346532	55
219.750973	187.750973	54.820927	225.960594	56.13496	225.960594	55
220.408039	188.408039	54.783895	226.710669	55.871753	226.710669	55
220.979096	188.979096	54.94346	227.403738	56.139653	227.403738	55
221.483146	189.483146	54.773019	228.064804	55.997056	228.064804	55
222.153214	190.153214	54.640856	228.864884	56.020355	228.864884	55
222.688267	190.688267	54.777369	229.482946	56.104484	229.482946	55
223.173316	191.173316	54.714399	230.291027	55.920379	230.291027	55
223.848383	191.848383	54.569767	230.973095	56.102142	230.973095	55
224.387436	192.387436	54.75563	231.689167	55.892577	231.689167	55
224.880486	192.880486	54.903982	232.42824	56.090435	232.42824	55
225.552553	193.552553	54.74477	233.089306	56.048355	233.089306	55
226.085607	194.085607	54.790425	233.918389	56.142	233.918389	55
226.566655	194.566655	54.770844	234.552453	56.276287	234.552453	55
227.249723	195.249723	54.606353	235.32853	55.994727	235.32853	55
227.792778	195.792778	54.847113	235.998598	56.179594	235.998598	55
228.280826	196.280826	54.790425	236.669664	56.053026	236.669664	55
228.958894	196.958894	54.563318	237.449742	56.055361	237.449742	55
229.490947	197.490947	54.786072	238.064804	56.04602	238.064804	55
229.963994	197.963994	54.677589	238.889886	56.015693	238.889886	55
230.632061	198.632061	54.610662	239.541952	56.219624	239.541952	55
231.162114	199.162114	54.930291	240.412039	56.006372	240.412039	55
231.636161	199.636161	54.873337	241.185116	56.102142	241.185116	55
232.303228	200.303228	54.608507	241.935191	55.957515	241.935191	55
232.835281	200.835281	54.716567	242.755273	56.186652	242.755273	55
233.305328	201.305328	54.8799	243.558353	56.127922	243.558353	55
233.956393	201.956393	54.522532	244.310428	56.13496	244.310428	55
234.510449	202.510449	54.764322	244.959494	56.104484	244.959494	55
234.989497	202.989497	54.803491	245.762574	56.027351	245.762574	55
235.641562	203.641562	54.625753	246.374635	56.255017	246.374635	55
236.199618	204.199618	54.866778	247.12971	55.962162	247.12971	55
236.680666	204.680666	54.731748	247.82478	56.116199	247.82478	55
237.332731	205.332731	54.662455	248.515849	56.018024	248.515849	55
237.884786	205.884786	54.794779	249.317929	56.151391	249.317929	55
238.358834	206.358834	54.786072	249.963994	56.15374	249.963994	55
239.010899	207.010899	54.552576	250.799077	56.013362	250.799077	55
239.563954	207.563954	54.75563	251.412138	56.356863	251.412138	55
240.035001	208.035001	54.853665	252.167214	56.102142	252.167214	55
240.682066	208.682066	54.777369	252.857283	56.292847	252.857283	55
241.255123	209.255123	54.783895				
241.735171	209.735171	54.746942				
242.389236	210.389236	54.736087				
242.945292	210.945292	54.790425				
243.41934	211.41934	54.864592				
244.067405	212.067405	54.679752				
244.638462	212.638462	54.998436				
245.11851	213.11851	54.983025				
245.770575	213.770575	54.705731				
246.32463	214.32463	54.851481				
246.810679	214.810679	54.812206				
247.463744	215.463744	54.738258				
248.016799	216.016799	54.932485				
248.488846	216.488846	54.882088				
249.143912	217.143912	54.868964				
249.698968	217.698968	54.912747				
250.174015	218.174015	54.941264				
250.829081	218.829081	54.759975				
251.390137	219.390137	54.903982				
251.866185	219.866185	54.906173				
252.51825	220.51825	54.812206				
253.078305	221.078305	54.989628				
253.561354	221.561354	54.844929				
254.217419	222.217419	54.849297				
254.774475	222.774475	54.987427				
255.258524	223.258524	54.980825				
255.92559	223.92559	54.790425				
256.494647	224.494647	54.958836				
257.015699	225.015699	55.075688				
257.694767	225.694767	54.796956				
258.231821	226.231821	55.03371				
258.736871	226.736871	54.888653				
259.41994	227.41994	54.764322				
259.975996	227.975996	55.106683				
260.456043	228.456043	55.113332				
261.154113	229.154113	54.814386				
261.673165	229.673165	54.950048				
262.152213	230.152213	55.055791				
262.850283	230.850283	54.994031				
263.371335	231.371335	55.162166				
263.856383	231.856383	54.936874				
264.555453	232.555453	54.786072				
265.086506	233.086506	55.029297				
265.594557	233.594557	55.091179				
266.297627	234.297627	55.018269				
266.814679	234.814679	55.111116				
267.345732	235.345732	55.153277				
268.046802	236.046802	55.062421				
268.53085	236.53085	55.029297				
269.050902	237.050902	55.029297				
269.749972	237.749972	55.040331				
270.235021	238.235021	55.071265				
270.759073	238.759073	55.002841				
271.457143	239.457143	55.106683				
271.947192	239.947192	55.091179				
272.467244	240.467244	54.92371				
273.167314	241.167314	55.007248				
273.658363	241.658363	55.073476				
274.203418	242.203418	54.92371				
274.885486	242.885486	55.155499				
275.383536	243.383536	55.182182				
275.962594	243.962594	54.954441				
276.629661	244.629661	55.124419				
277.119709	245.119709	55.204448				
277.711769	245.711769	55.007248				
278.355833	246.355833	55.226742				
278.844882	246.844882	55.204448				
279.457943	247.457943	54.956639				
280.097007	248.097007	55.102252				
280.604058	248.604058	55.280362				
281.271124	249.271124	55.051373				
281.866184	249.866184	55.293792				
282.362234	250.362234	55.260236				
283.0333	251.0333	54.978625				
283.606358	251.606358	55.186633				
284.101408	252.101408	55.349859				
284.793477	252.793477	55.091179				
285.344532	253.344532	55.304991				
285.837581	253.837581	55.266942				
286.550653	254.550653	55.115549				
287.087706	255.087706	55.307232				
287.598757	255.598757	55.182182				
288.307828	256.307828	55.106683				
288.82188	256.82188	55.336387				
289.350933	257.350933	55.325168				
290.056003	258.056003	55.251298				
290.553052	258.553052	55.444449				
291.103108	259.103108	55.228973				
291.793177	259.793177	55.296031				
292.286226	260.286226	55.480615				
292.854283	260.854283	55.249064				
293.52535	261.52535	55.244598				
294.018399	262.018399	55.392588				
294.610458	262.610458	55.249064				
295.262524	263.262524	55.31844				
295.759573	263.759573	55.480615				
296.368634	264.368634	55.313956				
297.009698	265.009698	55.300511				
297.511748	265.511748	55.582724				
298.144812	266.144812	55.186633				
298.759873	266.759873	55.442191				
299.254923	267.254923	55.496461				
299.908988	267.908988	55.2379				
300.500047	268.500047	55.340877				
300.994096	268.994096	55.516854				
301.666164	269.666164	55.235668				
302.243221	270.243221	55.455743				
302.743272	270.743272	55.458003				
303.436341	271.436341	55.275887				
303.994397	271.994397	55.435419				
304.489446	272.489446	55.467044				
305.208518	273.208518	55.302751				
305.773574	273.773574	55.548623				
306.32763	274.32763	55.494196				
307.054702	275.054702	55.439933				
307.562753	275.562753	55.532732				
308.141811	276.141811	55.354352				
308.817879	276.817879	55.433162				
309.315928	277.315928	55.489668				
309.910988	277.910988	55.424138				
310.568054	278.568054	55.437676				
311.077105	279.077105	55.564529				
311.722169	279.722169	55.455743				
312.339231	280.339231	55.662546				
312.841281	280.841281	55.469305				
313.519349	281.519349	55.354352				
314.098407	282.098407	55.696864				
314.602458	282.602458	55.566802				
315.302527	283.302527	55.408356				
315.890586	283.890586	55.639703				
316.418639	284.418639	55.648837				
317.156713	285.156713	55.47609				
317.668764	285.668764	55.61461				
318.22982	286.22982	55.433162				
318.948892	286.948892	55.637421				
319.479945	287.479945	55.573624				
320.117009	288.117009	55.535001				
320.765073	288.765073	55.546352				
321.281126	289.281126	55.566802				
321.947192	289.947192	55.426393				
322.553253	290.553253	55.537271				
323.071304	291.071304	55.573624				
323.777375	291.777375	55.390337				
324.339431	292.339431	55.800212				
324.863483	292.863483	55.657975				
325.587556	293.587556	55.505521				
326.114608	294.114608	55.696864				
326.675664	294.675664	55.528194				
327.375734	295.375734	55.603216				
327.885785	295.885785	55.626012				
328.490846	296.490846	55.578174				
329.153913	297.153913	55.701444				
329.661963	297.661963	55.738132				
330.305027	298.305027	55.726659				
330.93109	298.93109	55.804819				
331.43714	299.43714	55.811732				
332.12221	300.12221	55.610052				
332.706268	300.706268	55.802515				
333.217319	301.217319	55.722072				
333.946392	301.946392	55.65569				
334.498447	302.498447	55.853264				
335.045501	303.045501	55.745019				
335.778575	303.778575	55.710609				
336.294626	304.294626	55.980764				
336.882685	304.882685	55.715193				
337.567754	305.567754	55.751909				
338.082805	306.082805	56.057698				
338.711868	306.711868	55.733542				
339.359933	307.359933	55.881005				
339.901987	307.901987	55.938937				
340.598056	308.598056	55.751909				
341.188116	309.188116	56.018024				
341.699167	309.699167	55.973786				
342.42724	310.42724	55.904156				
342.981295	310.981295	56.008702				
343.53035	311.53035	55.864818				
344.254422	312.254422	55.767995				
344.772474	312.772474	55.887947				
345.364533	313.364533	55.915742				
346.057602	314.057602	55.864818				
346.572654	314.572654	56.008702				
347.204717	315.204717	55.834793				
347.860783	315.860783	55.804819				
348.380835	316.380835	55.978437				
349.053902	317.053902	55.763398				
349.663963	317.663963	56.025019				
350.179015	318.179015	55.913424				
350.889086	318.889086	55.855574				
351.462143	319.462143	56.043685				
351.997197	319.997197	55.897208				
352.73027	320.73027	55.881005				
353.264323	321.264323	55.985417				
353.83838	321.83838	55.871753				
354.550452	322.550452	55.890262				
355.073504	323.073504	56.189005				
355.707567	323.707567	55.992399				
356.363633	324.363633	56.170188				
356.884686	324.884686	56.139653				
357.584755	325.584755	55.853264				
358.184815	326.184815	56.231414				
358.726869	326.726869	56.029684				
359.462943	327.462943	56.013362				
359.996996	327.996996	56.156089				
360.572054	328.572054	56.104484				
361.281125	329.281125	55.997056				
361.799177	329.799177	56.167838				
362.413238	330.413238	55.959838				
363.091306	331.091306	56.076398				
363.613358	331.613358	56.071721				
364.287426	332.287426	55.874066				
364.901487	332.901487	56.062371				
365.419538	333.419538	56.125577				
366.13761	334.13761	55.934296				
366.694666	334.694666	56.146695				
367.23372	335.23372	56.039017				
367.974794	335.974794	55.922698				
368.511847	336.511847	56.123232				
369.114908	337.114908	55.874066				
369.814978	337.814978	56.067045				
370.33403	338.33403	56.118543				
371.014098	339.014098	55.959838				
371.654162	339.654162	56.036683				
372.198216	340.198216	56.032017				
372.920289	340.920289	56.041351				
373.479344	341.479344	56.020355				
374.018398	342.018398	56.04602				
374.756472	342.756472	55.938937				
375.296526	343.296526	56.032017				
375.925589	343.925589	55.894892				
376.619658	344.619658	55.997056				
377.168713	345.168713	55.969135				
377.858782	345.858782	55.901839				
378.474844	346.474844	56.04602				
379.025899	347.025899	55.955192				
379.799976	347.799976	55.957515				
380.353032	348.353032	56.076398				
380.979094	348.979094	55.797909				
381.664163	349.664163	56.032017				
382.190215	350.190215	55.941258				
382.855282	350.855282	55.846335				
383.477344	351.477344	55.959838				
384.004397	352.004397	55.941258				
384.700467	352.700467	55.800212				
385.305527	353.305527	55.990072				
385.851581	353.851581	55.969135				
386.589655	354.589655	55.927336				
387.118708	355.118708	55.971461				
387.724769	355.724769	55.848644				
388.408837	356.408837	55.922698				
388.93589	356.93589	55.931976				
389.607957	357.607957	55.724365				
390.242021	358.242021	55.992399				
390.769073	358.769073	56.001713				
391.495146	359.495146	55.890262				
392.065203	360.065203	55.987744				